Star,New song,Actual genre,Cluster,Top-5 genres,Same genre
1,01-37473-jazzcomputer.org-Terrace of Clouds.mp3,jazz,1,"reggae, hiphop, reggae, hiphop, country",0 / 5
2,02-37474-jazzcomputer.org-Seven Bells.mp3,jazz,0,"pop, hiphop, reggae, pop, pop",0 / 5
3,03-37475-jazzcomputer.org-No Joe.mp3,jazz,1,"pop, pop, pop, classical, reggae",0 / 5
4,04-37476-jazzcomputer.org-Oceaniques.mp3,jazz,0,"classical, jazz, classical, pop, jazz",2 / 5
5,05-37477-jazzcomputer.org-Timetrack.mp3,jazz,1,"disco, reggae, hiphop, reggae, hiphop",0 / 5
6,01-888180-Metal Detector-Vengeance Demon.mp3,metal,2,"jazz, country, disco, country, rock",0 / 5
7,02-888181-Metal Detector-Soul Of The Scorpion.mp3,metal,2,"rock, hiphop, rock, rock, rock",0 / 5
8,03-888182-Metal Detector-Heavy From The Sky.mp3,metal,2,"jazz, rock, country, disco, disco",0 / 5
9,04-888183-Metal Detector-Steel Blood.mp3,metal,2,"disco, disco, disco, disco, rock",0 / 5
10,05-888184-Metal Detector-Metal Detector.mp3,metal,2,"jazz, rock, country, country, jazz",0 / 5
11,01-1119654-Robert Avellanet-Love is a Journey.mp3,pop,1,"pop, pop, country, rock, rock",2 / 5
12,02-1119655-Robert Avellanet-The Limit.mp3,pop,1,"country, disco, rock, jazz, country",0 / 5
13,03-1119656-Robert Avellanet-Love Will Break the Walls.mp3,pop,1,"pop, jazz, pop, reggae, hiphop",2 / 5
14,04-1119657-Robert Avellanet-When I Have You.mp3,pop,1,"disco, country, rock, hiphop, country",0 / 5
15,05-1119658-Robert Avellanet-I_m So Glad.mp3,pop,1,"country, disco, country, country, reggae",0 / 5
