mfcc0_mean,mfcc0_std,mfcc1_mean,mfcc1_std,mfcc2_mean,mfcc2_std,mfcc3_mean,mfcc3_std,mfcc4_mean,mfcc4_std,mfcc5_mean,mfcc5_std,mfcc6_mean,mfcc6_std,mfcc7_mean,mfcc7_std,mfcc8_mean,mfcc8_std,mfcc9_mean,mfcc9_std,mfcc10_mean,mfcc10_std,mfcc11_mean,mfcc11_std,mfcc12_mean,mfcc12_std,mfcc13_mean,mfcc13_std,mfcc14_mean,mfcc14_std,mfcc15_mean,mfcc15_std,mfcc16_mean,mfcc16_std,mfcc17_mean,mfcc17_std,mfcc18_mean,mfcc18_std,mfcc19_mean,mfcc19_std,chroma0_mean,chroma1_mean,chroma2_mean,chroma3_mean,chroma4_mean,chroma5_mean,chroma6_mean,chroma7_mean,chroma8_mean,chroma9_mean,chroma10_mean,chroma11_mean,centroid_mean,centroid_std,bandwidth_mean,bandwidth_std,rolloff_mean,rolloff_std,contrast0_mean,contrast1_mean,contrast2_mean,contrast3_mean,contrast4_mean,contrast5_mean,contrast6_mean,zcr_mean,zcr_std,rms_mean,rms_std,tempo,path,name,genre
-136.22792,55.351246,79.93256,18.170103,42.14598,29.41949,41.657356,11.852944,15.13739,7.920883,14.7593155,7.162897,5.9977913,8.560692,11.386119,8.002006,10.458263,6.6840315,10.942243,7.823136,9.300748,7.597368,10.819493,7.2404146,1.5361297,8.220317,2.3577502,7.3835173,1.0947107,7.6656146,1.5519596,6.9377456,-1.9626245,7.8279243,4.807696,8.30551,4.156333,7.917836,0.39332074,12.035955,0.30507332,0.23906101,0.24610807,0.41295725,0.47305554,0.36152357,0.34143442,0.4732365,0.6388084,0.66458565,0.55083066,0.44838306,1997.5990097376723,625.9697605179815,2727.460934306109,423.0165570674821,5092.535872798955,1697.0381551841817,23.532162207733656,16.832815772377,20.90169069130824,20.421280568218066,21.513010469458653,19.687040195570063,48.811073626466595,0.05295130490518576,0.026696499194207274,0.18999855,0.05882201,112.34714673913044,new_songs\jazz\01-37473-jazzcomputer.org-Terrace of Clouds.mp3,01-37473-jazzcomputer.org-Terrace of Clouds.mp3,jazz
-106.255005,66.960014,120.36644,51.73347,-31.691742,36.13499,18.222015,22.593807,-4.2405157,20.847141,4.5698233,14.453451,-9.819693,13.923111,-3.5037472,18.002129,2.4255805,11.675663,0.9576624,15.67163,0.73091227,9.620821,-2.7220242,14.587764,-4.7935658,9.603085,-2.4777362,13.436864,2.250557,16.397913,4.801347,9.297077,1.0241635,7.996995,2.9811468,12.821254,-3.956885,12.921608,-14.900367,19.969547,0.29409075,0.17723109,0.18633993,0.28902036,0.4497368,0.49805444,0.35117954,0.28695327,0.3889414,0.66279423,0.5675315,0.3785158,2052.337936925171,922.4704251845671,1912.8326144794596,620.923749061465,3971.7176502334073,1849.192767391628,19.81831985145855,16.23650582189007,16.576677257598913,19.102713223600592,23.41262586053845,24.799561688075343,52.55993450700346,0.13951956450754643,0.09205143458291515,0.15246397,0.05061956,112.34714673913044,new_songs\jazz\02-37474-jazzcomputer.org-Seven Bells.mp3,02-37474-jazzcomputer.org-Seven Bells.mp3,jazz
-53.891724,38.22333,72.93364,23.219107,0.8515704,23.709454,44.38692,17.223505,-17.90259,15.611546,-3.9019594,10.872453,3.0694366,11.883094,-3.8753035,11.270132,4.384134,9.969515,1.2194259,10.917581,-6.403302,9.734131,6.5063386,10.899516,-7.53519,9.820906,0.11617083,8.333181,1.0174038,8.132871,2.7964466,8.63797,3.105797,10.623569,5.8728237,8.147425,0.18861677,7.7122965,3.449308,9.485824,0.54113483,0.5405024,0.326159,0.26603585,0.23771422,0.33660057,0.214463,0.39491004,0.43943933,0.309301,0.34157902,0.32908893,2657.1141709759218,507.74153088867564,2478.8927017734004,330.89882072516946,5166.302093411377,1009.8348434648386,21.92737326532382,17.053581421231254,20.474918779722405,21.409607304797582,21.916492284610825,22.784130349356943,47.178795760420286,0.16165964226973684,0.05433956438572135,0.20867467,0.06829304,83.35433467741936,new_songs\jazz\03-37475-jazzcomputer.org-No Joe.mp3,03-37475-jazzcomputer.org-No Joe.mp3,jazz
-132.21017,73.999275,93.81444,25.236671,13.5188265,19.393753,45.9893,18.163435,-2.541488,9.890578,17.702078,7.8424864,4.1253295,7.364653,-2.9901888,9.576365,-0.3893028,9.783489,-0.8559015,13.15248,0.09989443,14.758377,4.603402,11.530274,-3.3067322,9.888763,3.385114,13.171205,-2.2934947,11.429398,2.2409294,8.781251,0.906281,10.46811,3.7520583,10.297678,-2.2870014,9.426589,6.0261,8.363759,0.47666457,0.27837706,0.2931932,0.2080567,0.32012802,0.27255335,0.34296474,0.26806772,0.2538787,0.43236738,0.34311083,0.43026885,2068.522169738923,571.6501886686159,2388.564263778767,450.31186822853516,4637.988621383997,1288.2404750575972,24.94227341811949,17.50256154717019,21.594253941326595,22.21299254392531,20.30422382495086,19.55091169762943,48.27322180935178,0.07830073589880031,0.038559873151285236,0.1396876,0.04385534,172.265625,new_songs\jazz\04-37476-jazzcomputer.org-Oceaniques.mp3,04-37476-jazzcomputer.org-Oceaniques.mp3,jazz
-114.4964,48.36149,105.407555,60.44156,24.173954,29.98141,46.67861,16.547031,-4.903356,10.416242,20.83305,6.439676,7.2403865,10.872121,9.541225,8.9856825,-7.524634,10.758566,10.598995,8.324255,1.9734416,7.991241,9.516164,7.9408426,5.0020776,10.625172,5.588392,5.2589636,-2.040639,5.709901,5.555955,9.694551,2.9540763,8.087678,0.5151507,10.927252,-3.7010584,9.496603,4.817759,10.331542,0.36752325,0.4127118,0.59386706,0.46436015,0.45120192,0.39780486,0.36437353,0.5439763,0.51446694,0.5447869,0.55790865,0.45522428,2148.5872124089856,1207.7075090710732,2330.952509696803,872.0118577708885,4712.571503724846,2609.2291316404967,18.442136562843775,14.584211329691142,18.26957775497608,17.210923490164458,17.358426056195228,18.927267301511947,51.69205578544769,0.08157282495646284,0.05952979577781916,0.16979791,0.02742152,143.5546875,new_songs\jazz\05-37477-jazzcomputer.org-Timetrack.mp3,05-37477-jazzcomputer.org-Timetrack.mp3,jazz
-6.833887,21.252113,68.31785,17.235422,5.5829253,12.63595,21.034815,8.292756,-2.8546605,11.160795,7.100188,8.340379,-7.4969583,7.4236836,1.9166483,6.601167,-7.0525875,8.08376,1.0775772,7.1976733,-7.683494,6.569993,2.7250307,7.4841332,-3.6800551,5.706554,2.1075935,7.460715,-3.1159344,5.9165187,5.650847,5.449929,-5.8606896,6.3863397,-2.956447,5.96914,-6.98685,7.4040275,-0.3549544,6.945849,0.39171517,0.27468857,0.31920308,0.3255352,0.45846534,0.32902464,0.362861,0.37612525,0.29108378,0.32707563,0.32361606,0.54444265,3050.427339959714,539.8337428345347,2858.3260626125416,247.91165754644368,6575.643571316274,994.5699624838849,25.180371163986027,14.013110211001154,19.094295468052568,17.171757109213328,16.412890257907637,15.953390335946361,49.08448560661782,0.14334304856811145,0.045774336467997445,0.19465177,0.021693664,143.5546875,new_songs\metal\01-888180-Metal Detector-Vengeance Demon.mp3,01-888180-Metal Detector-Vengeance Demon.mp3,metal
-25.783989,26.448523,70.988014,20.416864,3.5352323,17.054728,29.994705,10.689371,2.197016,9.777937,10.262341,7.1344686,-6.083504,7.715839,0.60349625,6.91434,-6.7593346,6.898301,0.8028726,5.8820543,-7.264248,6.0386333,1.4793931,5.814626,-5.7856402,6.2289243,0.98642826,6.2928853,-6.674979,5.884035,5.3929906,4.8508096,-1.6417983,5.2034326,-1.4351534,4.7203536,-7.518127,4.3137546,-3.1577435,4.3435626,0.48605934,0.32975677,0.31165951,0.30350772,0.40012866,0.31902027,0.34348598,0.4450331,0.42762375,0.560811,0.4313396,0.48843127,2962.6584207830215,648.1001542022916,2792.3877694582106,345.62310689018676,6327.611737797504,1213.6892422581873,24.73833985413823,15.260635820228243,18.110341192241236,15.655263358259973,15.583646283572577,15.448417779357754,48.762532700120865,0.130445167376161,0.050726501550714204,0.17138958,0.0326989,143.5546875,new_songs\metal\02-888181-Metal Detector-Soul Of The Scorpion.mp3,02-888181-Metal Detector-Soul Of The Scorpion.mp3,metal
-12.017415,21.555962,51.907005,16.28441,19.077913,11.92924,23.268208,9.4202,1.0180148,8.950378,14.334653,7.7220516,-4.3899207,7.6186953,6.449159,7.416364,-4.3963537,7.4638724,7.798929,6.866542,-4.8449874,7.8901925,2.6354263,7.2812333,-5.046992,6.92631,-0.40441626,7.609343,-6.8116293,7.1346574,4.258629,7.8973327,-4.081711,8.0387945,0.37527114,7.323509,-10.21914,7.9594007,-1.8424795,5.966689,0.27617326,0.24226068,0.29544502,0.38444188,0.5749174,0.39613464,0.36190984,0.44284293,0.3449814,0.39756474,0.32955635,0.40600377,3575.178245802841,614.9514147261192,3056.677809928258,188.77395485958135,7370.4637651473,785.3615252275681,25.06544823747651,14.201437984418662,17.261058927104944,16.920377273900765,15.114714856722077,16.0617038780837,49.80949730890206,0.1889221380369582,0.07207123835916714,0.18575956,0.022589983,117.45383522727273,new_songs\metal\03-888182-Metal Detector-Heavy From The Sky.mp3,03-888182-Metal Detector-Heavy From The Sky.mp3,metal
-33.60048,32.02976,70.99238,23.107277,6.7045355,17.12889,23.4485,12.816353,-5.3572574,10.491871,7.6449227,8.407902,-5.2684116,9.072445,0.3176515,8.295589,-6.3350997,7.868884,4.249708,7.555553,-5.7106686,6.3382034,1.615413,6.2889023,-5.664153,7.5990963,-3.484594,7.46997,-9.544596,6.843091,0.43029448,6.880001,-5.7711344,6.302917,-2.2381327,6.1937666,-8.970059,6.810277,-4.2858286,6.440669,0.3701012,0.32910082,0.41926524,0.3524536,0.3501466,0.48776704,0.39044163,0.4202615,0.3490979,0.3064615,0.26753637,0.30081716,3012.4742205212174,754.3159582358257,2800.558067720605,366.7105670173027,6365.536508471604,1353.9003445209426,25.777865102745764,13.746798755496505,17.992140263495152,16.307801084538806,15.162249037895153,16.720341370664137,49.38375390322766,0.14363178453947367,0.06507963966167724,0.16574883,0.03287865,135.99917763157896,new_songs\metal\04-888183-Metal Detector-Steel Blood.mp3,04-888183-Metal Detector-Steel Blood.mp3,metal
-10.408243,19.06979,58.22488,16.735836,2.160829,18.153452,25.19202,9.279024,-0.3097279,8.64232,12.183597,7.1670537,-7.2198205,6.5971017,4.858323,7.296349,-7.095139,6.9771,3.7437556,6.4537716,-4.3582983,7.7218533,3.4454122,7.4373226,-5.488123,6.9631276,-1.2043828,7.6478634,-6.8566794,7.8626513,6.027253,7.2647033,-6.720609,6.3843985,-4.9084573,7.487342,-6.6356683,6.776379,1.0687134,7.0383286,0.35075483,0.32658008,0.3557757,0.3605239,0.53306043,0.3546362,0.38896132,0.4011706,0.31251585,0.3067155,0.29057705,0.4379158,3286.6111824380887,598.1074946590586,2842.847535280306,297.6805160146078,6748.059195409249,1020.428150269082,25.47382055084895,14.604929201046819,18.975370817271514,17.716965333897566,16.808053594980684,16.14498565205234,49.975347932752086,0.16997667436629257,0.053552077692189635,0.17906167,0.024347842,143.5546875,new_songs\metal\05-888184-Metal Detector-Metal Detector.mp3,05-888184-Metal Detector-Metal Detector.mp3,metal
-80.0719,62.28043,83.706635,21.180435,10.40347,18.14662,29.493536,10.317447,15.736003,11.966236,14.903406,11.100838,9.289247,8.118151,14.0840025,8.518949,-0.85578656,8.400361,11.770506,9.398758,-0.46055812,7.2246923,3.0168955,7.2594676,-3.887794,7.782233,0.8835089,7.651227,0.50997657,5.97304,-0.110954545,6.623327,-7.9831443,6.202529,2.2082067,6.7784505,0.15889978,6.191306,4.833172,5.574588,0.50132346,0.5068941,0.30495483,0.2620011,0.22491068,0.34228566,0.55260515,0.3284107,0.2796857,0.30344766,0.4561931,0.51546663,2266.7898351980134,662.9996080254375,2679.855015263964,350.5384569978403,5294.884649223587,1483.1043604057052,21.298955692422744,15.93291267365923,19.876897851675256,19.411393705047914,18.2590504915038,16.933729507133375,47.466822739508196,0.07473877708978328,0.04143847901076184,0.20858127,0.08479772,112.34714673913044,new_songs\pop\01-1119654-Robert Avellanet-Love is a Journey.mp3,01-1119654-Robert Avellanet-Love is a Journey.mp3,pop
-61.043488,49.927074,74.93924,20.990376,11.957343,13.752913,30.544685,14.392082,14.621136,13.143495,4.8030033,9.810708,-1.3200198,9.191431,4.474869,8.398851,-8.754714,8.752335,5.831624,8.903848,-0.4186802,8.224626,0.25610024,7.29135,-1.9657599,7.8505626,-2.811637,7.661177,-0.19708885,6.7122197,2.067127,6.7465568,-6.248671,6.944445,-0.66394484,6.219424,-6.5868006,6.9199877,-5.024661,7.1683164,0.38816896,0.29792225,0.43194902,0.38989374,0.41704708,0.30967063,0.27694136,0.2672481,0.34017882,0.50793564,0.34053478,0.4177331,2657.53293270475,668.724062149409,2816.129817160209,267.6328098402117,6042.671794123694,1272.6943338588512,21.366183249867838,16.25923488058935,21.057867474062018,19.026644159931923,19.284778094939412,18.199044928694956,46.965781168859515,0.10941165888641641,0.05436119868921393,0.17780066,0.061506525,112.34714673913044,new_songs\pop\02-1119655-Robert Avellanet-The Limit.mp3,02-1119655-Robert Avellanet-The Limit.mp3,pop
-99.816574,60.776386,83.994896,27.631182,24.609604,19.617939,27.332243,16.165024,8.306211,14.077953,7.45865,10.80549,-1.0618169,10.41169,7.5451026,8.823119,-6.105336,11.988813,2.6279538,11.376925,-1.4547172,10.331112,1.2471544,8.480674,-1.2950697,9.485333,-2.1656702,8.567071,-4.2072926,7.14378,1.3618263,7.0848365,-5.265333,8.963405,2.1750813,8.388668,-3.1718678,9.420944,-0.31886864,8.53453,0.28561783,0.33638138,0.24982706,0.38782367,0.36773813,0.22882533,0.28601348,0.2903452,0.47083697,0.3357295,0.29662687,0.3857754,2419.541597930654,869.5969316037323,2733.2497579920873,359.92386620541794,5549.233111213235,1646.7789863306973,19.392532905376,17.896293678937372,22.74587937783825,20.896040992058428,18.654012770444083,17.333696642697326,47.39813658453977,0.09325642777670279,0.06266521585047871,0.16943306,0.06441111,172.265625,new_songs\pop\03-1119656-Robert Avellanet-Love Will Break the Walls.mp3,03-1119656-Robert Avellanet-Love Will Break the Walls.mp3,pop
-39.22508,44.11301,78.62035,22.397676,15.959067,12.781142,26.868898,11.76433,14.1247,12.554159,8.36663,9.11343,5.5232606,9.025866,4.8932543,7.725497,-5.6407423,8.750829,5.1872463,8.362029,-0.6666345,8.18863,2.5080225,6.124012,-1.8589468,6.6639075,0.8508646,6.8801723,-1.8070586,5.917099,2.2918322,5.977678,-5.4608583,6.4297843,2.0683973,6.2106056,-5.043121,5.4987006,-0.5869192,6.08555,0.38753504,0.36229423,0.29852247,0.34763777,0.38808686,0.46655667,0.3158571,0.38804832,0.48392394,0.4348804,0.47802454,0.32426828,2658.2472286863417,761.002095989307,2885.512359851786,311.3217299546698,6161.354409799487,1454.0391272028226,18.82460029473343,16.094207146813755,20.073114715670794,17.914094200496578,17.303547127450543,16.432002139585155,45.49090860863183,0.10401335441660217,0.05698871485858946,0.21722835,0.062695235,86.1328125,new_songs\pop\04-1119657-Robert Avellanet-When I Have You.mp3,04-1119657-Robert Avellanet-When I Have You.mp3,pop
-97.478134,47.246674,77.059364,23.817854,23.397821,14.229327,39.317436,13.139677,18.730871,13.592451,12.405027,10.703547,-1.3088157,9.666741,3.5830765,8.083303,-7.484106,8.915222,0.4380143,9.208141,-6.6093283,8.6290455,-2.295196,7.366729,-5.0949135,8.36223,-3.8465686,7.0497513,-3.1872067,6.77034,1.3549045,6.8969145,-7.698879,6.575467,2.050819,6.813751,-2.5355718,7.5477905,-0.9537144,7.783746,0.33198756,0.41163868,0.38536796,0.29265782,0.36570975,0.24678981,0.2658919,0.19445801,0.3187376,0.4526474,0.3125214,0.3260815,2406.445166584012,757.9279642040674,2774.3395048816988,323.2093076584417,5612.5327284491095,1487.7086848334343,24.928858585000565,17.07997115777192,21.678028826722343,18.71514236275631,18.578862051475753,17.46066727445674,47.21927170957278,0.07973081039570433,0.045879310656728144,0.17354128,0.04839979,123.046875,new_songs\pop\05-1119658-Robert Avellanet-I_m So Glad.mp3,05-1119658-Robert Avellanet-I_m So Glad.mp3,pop
